"","case","projection_year","amo","pdsi","bassB","menhadenC","menhadenE","menhadenCPUE","bassCPUE","herringCPUE","menhadenV"
"1","scenario C",2013,"-0.18lm","0.04lm","-3.19993781301536e-07lm","1.25023471456921e-06*~lm","0.00178239607250766lm","1.19450217330838e-06lm","-0.0000367793947589037lm","8.26893683212276e-07lm","1.93483319840693e-09lm"
"2","scenario C",2014,"-0.84*~lm","-0.23~lm","-3.27756689571637e-06*~lm","-5.98654720801398e-07~lm","-0.01*~lm","0.0000181893445995234*lm","-0.000151034360051339*~lm","-2.27032828508016e-06*~lm","-1.11208627365457e-09~lm"
"3","scenario C",2015,"-0.58lm","0.28~lm","-2.33783122822011e-06*lm","3.85557814925561e-07lm","-0.00211049842170587lm","5.40574920614697e-07lm","-0.000105204278005804*lm","-7.06202564858497e-07lm","2.31397521923508e-10lm"
"4","scenario C",2016,"-0.32lm","0.13lm","-2.65889632665429e-07lm","1.02576785135173e-06lm","0.00113070890717267lm","-5.71829591607675e-06lm","-0.0000284420631867883lm","4.85279177274504e-07lm","1.3658895485134e-09lm"
"5","scenario C",2017,"-1.02*~lm","-0.22~lm","-4.27881154936423e-06*lm","-6.985222838175e-07~lm","-0.01~lm","0.0000170965110201225*~lm","-0.000187300158839752*lm","-2.62315992815291e-06*~lm","-1.35669847446561e-09~lm"
