"","case","projection_year","amo","pdsi","bassB","menhadenC","menhadenE","menhadenCPUE","bassCPUE","herringCPUE","menhadenV"
"1","scenario A",2013,"-0.23","0.07","-8.89973181025246e-07","-0.11*","-0.09*~","2.21369745621836e-06","-0.0000372213000198151","-8.31738259925263e-07","-0.12*"
"2","scenario A",2014,"-0.31","0.08","-9.43759019967567e-07","-0.12*","-0.11*~","3.61840966146399e-06","-0.0000435755783191645","-8.5283598672967e-07","-0.13*"
"3","scenario A",2015,"-0.4*","0.07","-1.03737663051563e-06","-0.13*","-0.13*~","5.38563551825902e-06","-0.0000506075507159042","-9.97744627405462e-07*","-0.15*"
"4","scenario A",2016,"-0.36*","0.06","-9.69724850019613e-07","-0.12*","-0.12*","5.65889802693366e-06","-0.0000479098460270267","-9.57049684732905e-07*","-0.13*"
"5","scenario A",2017,"-0.1","0.1","-6.09238534445317e-07","-0.08*","-0.05*","-8.16064202622008e-07","-0.0000284649789217979","-5.83397920386084e-07*","-0.08*"
