"","case","projection_year","amo","pdsi","bassB","menhadenC","menhadenE","menhadenCPUE","bassCPUE","herringCPUE","menhadenV"
"1","scenario A",2013,"-0.11~","-0.15","-5.49334650560117e-07~","-0.03","-0.02","2.6196621620603e-07","-0.0000168966371950862~","-5.29804462718744e-07*~","-0.02"
"2","scenario A",2014,"-0.19*~","-0.02","-7.27348053765324e-07*~","-0.06*~","-0.03","-1.84165657705303e-06","-0.000031432302152668*~","-7.66276073258793e-07*~","-0.05*~"
"3","scenario A",2015,"-0.21","0.07","-1.04006235426766e-06*~","-0.08*~","-0.04~","-1.48542800106133e-06","-0.0000519687010891521*~","-8.34233190431328e-07*","-0.08*~"
"4","scenario A",2016,"-0.16","0.12","-8.73817693973781e-07*~","-0.07*~","-0.04~","-1.26309292948102e-06","-0.0000444139725143419*~","-6.43950130752778e-07~","-0.08*~"
"5","scenario A",2017,"-0.15","0.07","-7.66449254203418e-07*","-0.07*~","-0.04*","-1.33371433793689e-06","-0.0000376587503579846*","-6.85214718161114e-07*","-0.07*~"
