"","case","projection_year","amo","pdsi","bassB","menhadenC","menhadenE","menhadenCPUE","bassCPUE","herringCPUE","menhadenV"
"1","scenario B",2013,"-0.25lm","0.07lm","-9.86250434451698e-07lm","-9.32488571985545e-07*lm","-0.00474804409723458*lm","3.98214316260581e-06lm","-0.0000414618460868864lm","-9.09428502833884e-07*lm","-1.95451361813801e-09*^lm"
"2","scenario B",2014,"-0.34*lm","0.07lm","-1.03428951322944e-06lm","-9.78015002512843e-07*lm","-0.01*lm","6.36773017884112e-06lm","-0.0000476244738802109lm","-9.314345923283e-07lm","-2.0191042347165e-09*lm"
"3","scenario B",2015,"-0.49*lm","0.06lm","-1.36727785536389e-06*lm","-9.94189086485823e-07*lm","-0.01*lm","0.0000101132562344966*lm","-0.0000656486269290162*lm","-1.20043335080518e-06*lm","-2.06800273321053e-09*lm"
"4","scenario B",2016,"-0.39*lm","0.05lm","-1.11418114776185e-06lm","-8.91245373683254e-07*lm","-0.01*lm","8.48313996678789e-06*lm","-0.0000539739424729664*lm","-1.05414388741145e-06*lm","-1.82547296353707e-09*lm"
"5","scenario B",2017,"-0.09lm","0.1lm","-5.78943400073619e-07lm","-7.27447366665453e-07*~lm","-0.00137033318391861lm","-2.07005334998616e-07lm","-0.0000272535504810507lm","-5.57697073113874e-07lm","-1.43711789860776e-09*^lm"
