"","case","projection_year","amo","pdsi","bassB","menhadenC","menhadenE","menhadenCPUE","bassCPUE","herringCPUE","menhadenV"
"1","scenario B",2013,"-0.25","0.07","-9.86250434451698e-07","-0.11*","-0.09*","2.44025017032679e-06","-0.0000414618460868864","-9.09428502833884e-07*","-0.13*"
"2","scenario B",2014,"-0.34*","0.07","-1.03428951322944e-06","-0.13*","-0.12*~","4.10335784784438e-06","-0.0000476244738802109","-9.314345923283e-07","-0.14*"
"3","scenario B",2015,"-0.49*","0.06","-1.36727785536389e-06*","-0.14*","-0.14*~","7.05801353798951e-06","-0.0000656486269290162*","-1.20043335080518e-06*","-0.15*"
"4","scenario B",2016,"-0.39*","0.05","-1.11418114776185e-06","-0.12*","-0.12*","6.01060386489559e-06","-0.0000539739424729664*","-1.05414388741145e-06*","-0.13*"
"5","scenario B",2017,"-0.09","0.1","-5.78943400073619e-07","-0.07*","-0.05*","-9.55412924147005e-07","-0.0000272535504810507","-5.57697073113874e-07","-0.08*"
