"","case","projection_year","amo","pdsi","bassB","menhadenC","menhadenE","menhadenCPUE","bassCPUE","herringCPUE","menhadenV"
"1","scenario C",2013,"-0.18","0.04","-3.19993781301536e-07","0.13~","0.08","-7.70635212631668e-07","-0.0000367793947589037","8.26893683212276e-07","0.13~"
"2","scenario C",2014,"-0.84*~","-0.23~","-3.27756689571637e-06*~","-0.22*~","-0.22*^","0.0000163142507834029*","-0.000151034360051339*~","-2.27032828508016e-06*~","-0.21*~"
"3","scenario C",2015,"-0.58","0.28~","-2.33783122822011e-06*","-0.03","-0.03","-1.25287856158744e-06","-0.000105204278005804*","-7.06202564858497e-07","-0.04"
"4","scenario C",2016,"-0.32","0.13","-2.65889632665429e-07","0.11","0.07","-7.26576272727124e-06","-0.0000284420631867883","4.85279177274504e-07","0.11"
"5","scenario C",2017,"-1.02*~","-0.22~","-4.27881154936423e-06*","-0.27*~","-0.24*","0.0000151777342036448*~","-0.000187300158839752*","-2.62315992815291e-06*~","-0.26*~"
