"","case","projection_year","amo","pdsi","bassB","menhadenC","menhadenE","menhadenCPUE","bassCPUE","herringCPUE","menhadenV"
"1","scenario B",2013,"-0.13~","-0.14","-5.76899386674413e-07~","-0.03~","-0.02","3.92832134627523e-07","-0.0000181172082711383~","-5.68259897952033e-07*~","-0.02"
"2","scenario B",2014,"-0.19*~","-0.04","-7.36692759221528e-07*~","-0.05*~","-0.03","-1.5004294459816e-06","-0.0000303753568112903*~","-7.65933495822279e-07*~","-0.05*~"
"3","scenario B",2015,"-0.18~","0.07","-9.27996379195547e-07*~","-0.07*~","-0.04~","-1.54938549265463e-06","-0.000046883715621827*~","-7.49924951072499e-07*","-0.07*~"
"4","scenario B",2016,"-0.19~","0.1","-1.00958945659192e-06*~","-0.08*~","-0.04*~","-6.17836008838221e-07","-0.0000505398720001095*~","-7.42031159472042e-07*~","-0.08*"
"5","scenario B",2017,"-0.16","0.09","-8.42061362396507e-07*","-0.08*~","-0.04*","-1.13808386610896e-06","-0.00004092401330529*","-6.90254434992344e-07*","-0.08*~"
