"","case","projection_year","amo","pdsi","bassB","menhadenC","menhadenE","menhadenCPUE","bassCPUE","herringCPUE","menhadenV"
"1","scenario A",2013,"-0.18~lm","0.04~lm","-2.75472075895165e-06*^~lm","-6.16683246867721e-07*^lm","-0.01*~lm","3.36491387850548e-06~lm","-0.000117200849096584*^~lm","-2.12632008581731e-06*~lm","-1.28948990509768e-09*^lm"
"2","scenario A",2014,"-0.23~lm","0.05lm","-2.99872684832955e-06*^lm","-6.36800110943955e-07*lm","-0.01*~lm","3.7877519875523e-06~lm","-0.000132441970872483*^~lm","-2.18411707970607e-06*lm","-1.34730335758057e-09*^lm"
"3","scenario A",2015,"-0.17~lm","0.03lm","-2.26807922319263e-06*^lm","-4.73309802676105e-07*^lm","-0.00491484315425542*~lm","2.53806237649955e-06~lm","-0.000101164201744157*^~lm","-1.64449672962529e-06*~lm","-9.87638723824728e-10*^lm"
"4","scenario A",2016,"-0.01~lm","0.04~lm","-1.31197573513994e-06*^~lm","-3.16455438413169e-07*^~lm","-0.00150459795266021*~lm","8.64588373479455e-08~lm","-0.0000524801266483754*~lm","-1.05134914342197e-06*~lm","-6.20820338765002e-10*^~lm"
"5","scenario A",2017,"-0.00250580549889982~lm","0.04~lm","-1.59497805823587e-06*^~lm","-3.88289542601425e-07*^~lm","-0.0020363125083822*~lm","3.07840905875729e-07~lm","-0.0000642309693665358*lm","-1.318639767975e-06*~lm","-7.66832148379424e-10*^~lm"
