"","case","projection_year","amo","pdsi","bassB","menhadenC","menhadenE","menhadenCPUE","bassCPUE","herringCPUE","menhadenV"
"1","scenario B",2013,"-0.17~lm","0.04~lm","-2.70388812833018e-06*^~lm","-6.08118385035436e-07*^lm","-0.01*~lm","3.11103925120482e-06~lm","-0.000114190015373927*^~lm","-2.09127097982624e-06*~lm","-1.26696509985797e-09*^lm"
"2","scenario B",2014,"-0.21~lm","0.04lm","-2.86015939909818e-06*^lm","-6.09420755149238e-07*lm","-0.01*~lm","3.42306189653325e-06~lm","-0.000125415245553059*^~lm","-2.09144565211668e-06*~lm","-1.28193604628433e-09*^lm"
"3","scenario B",2015,"-0.2~lm","0.02lm","-2.66117721348385e-06*^lm","-5.52997483344579e-07*^lm","-0.01*~lm","2.97950096422674e-06~lm","-0.000118385444798629*^~lm","-1.92807954114117e-06*lm","-1.15702445256259e-09*^lm"
"4","scenario B",2016,"0.00457123400475641~lm","0.05~lm","-1.12276824703988e-06*^~lm","-2.79361116695719e-07*^lm","-0.00101801468193004~lm","-5.33348337242373e-08~lm","-0.0000440154359546925*lm","-9.48149412397354e-07*~lm","-5.40833753954504e-10*^~lm"
"5","scenario B",2017,"-0.00332271595763167lm","0.04lm","-1.63425175006211e-06*^~lm","-3.93420322321291e-07*^~lm","-0.00205623346324939*~lm","2.67015685655826e-07lm","-0.0000653576394309592*lm","-1.331878438285e-06*~lm","-7.7452054562306e-10*^~lm"
