"","case","projection_year","amo","pdsi","bassB","menhadenC","menhadenE","menhadenCPUE","bassCPUE","herringCPUE","menhadenV"
"1","scenario C",2013,"-1.4*~","-0.44~","-2.95403994254439e-06~","-0.17~","-0.35*^~","0.0000255874820801477*^~","-0.000186184080536338*~","-4.51749577363195e-06*","-0.16~"
"2","scenario C",2014,"-1.23*~","-0.56~","-2.45334499105909e-06~","-0.2~","-0.34*^","0.0000221154354176816*","-0.00014285832730643~","-4.62000924948801e-06*~","-0.18~"
"3","scenario C",2015,"-1.28*~","-0.29~","-2.12527081714333e-06~","-0.15~","-0.32*^","0.0000233272223030374*^","-0.000160557834817018*~","-4.03147715664648e-06*~","-0.14~"
"4","scenario C",2016,"-0.69*","0.02~","2.16705312291998e-06~","0.2*~","-0.01~","9.53304249366845e-06*","6.8579218748617e-06~","4.14827420616682e-06*~","0.18*"
"5","scenario C",2017,"-1.32*~","-0.36~","-1.79586703794368e-06~","-0.12~","-0.32*^~","0.0000240195496239872*^","-0.000152372711764025*~","-3.75084460368537e-06*","-0.11~"
