"","case","projection_year","amo","pdsi","bassB","menhadenC","menhadenE","menhadenCPUE","bassCPUE","herringCPUE","menhadenV"
"1","scenario C",2013,"-0.96*~","-0.32~","-3.46971882543962e-06*~","-0.23*","-0.31*^~","0.0000180529119307218*~","-0.000166827872217279*~","-4.42201074275854e-06*~","-0.22*"
"2","scenario C",2014,"-1.14*~","-0.44~","-1.95641332557958e-06~","-0.15~","-0.32*^~","0.0000221588116823226*","-0.000135292109621741~","-3.8431347301565e-06*","-0.14~"
"3","scenario C",2015,"-0.93*~","-0.3~","-1.66390120471765e-06~","-0.14","-0.26*^~","0.0000169176456669719*","-0.000111880276185641~","-3.07731006261219e-06*~","-0.13"
"4","scenario C",2016,"-0.69*","0.02~","2.16705312291998e-06~","0.2*~","-0.01~","9.53304249366845e-06*","6.8579218748617e-06~","4.14827420616682e-06*~","0.18*"
"5","scenario C",2017,"-1.32*~","-0.36~","-1.79586703794368e-06~","-0.12~","-0.32*^~","0.0000240195496239872*^","-0.000152372711764025*~","-3.75084460368537e-06*","-0.11~"
