"","case","projection_year","amo","pdsi","bassB","menhadenC","menhadenE","menhadenCPUE","bassCPUE","herringCPUE","menhadenV"
"1","scenario A",2013,"-0.18~","0.04~","-2.75472075895165e-06*^~","-0.14*^~","-0.09*~","2.75437251389893e-06~","-0.000117200849096584*^~","-2.12632008581731e-06*~","-0.13*^~"
"2","scenario A",2014,"-0.23~","0.05","-2.99872684832955e-06*^","-0.15*~","-0.11*~","3.12861815330349e-06~","-0.000132441970872483*^~","-2.18411707970607e-06*","-0.14*^~"
"3","scenario A",2015,"-0.17~","0.03","-2.26807922319263e-06*^","-0.11*~","-0.08*~","2.01742175071114e-06~","-0.000101164201744157*^~","-1.64449672962529e-06*~","-0.1*^~"
"4","scenario A",2016,"-0.01~","0.04~","-1.31197573513994e-06*^~","-0.07*^~","-0.03*~","-2.37078388556501e-07","-0.0000524801266483754*~","-1.05134914342197e-06*~","-0.06*^~"
"5","scenario A",2017,"-0.00250580549889982~","0.04~","-1.59497805823587e-06*^~","-0.08*^~","-0.04*~","-9.39040788294116e-08~","-0.0000642309693665358*","-1.318639767975e-06*~","-0.08*^~"
