"","case","projection_year","amo","pdsi","bassB","menhadenC","menhadenE","menhadenCPUE","bassCPUE","herringCPUE","menhadenV"
"1","scenario A",2013,"-0.0014797375588911","0.00252377687224188~","-9.04738167622545e-09","-0.000371293262635557","-0.000374073146666691","1.40598409119434e-08","-4.34765521231284e-07","-7.42838354944338e-09","-0.000356822422647096"
"2","scenario A",2014,"-0.03","0.05","-2.09643954458045e-08","-0.00183130091502187","-0.00298071700953923","2.05732975947656e-07","-2.08830692492792e-06","-5.64883977429195e-08","-0.00177152448122214"
"3","scenario A",2015,"0.02~","0.07~","-7.94179318051148e-07*","-0.04*~","-0.02~","-3.3266161431286e-07~","-0.0000305244498488232*","-6.75504573045272e-07*~","-0.04*~"
"4","scenario A",2016,"-0.04~","0.07~","-9.6234731897825e-07*","-0.06*","-0.03","2.45347359425099e-07~","-0.0000404338383056268*","-9.53583389530764e-07*","-0.05*"
"5","scenario A",2017,"-0.01~","0.06~","-1.6103885361108e-06*~","-0.09*~","-0.05*~","3.77436507136734e-07~","-0.0000672340851917812*~","-1.54896537900903e-06*~","-0.08*~"
