"","case","projection_year","amo","pdsi","bassB","menhadenC","menhadenE","menhadenCPUE","bassCPUE","herringCPUE","menhadenV"
"1","scenario B",2013,"-0.17~","0.04~","-2.70388812833018e-06*^~","-0.14*^~","-0.09*~","2.50931125910101e-06~","-0.000114190015373927*^~","-2.09127097982624e-06*~","-0.13*^~"
"2","scenario B",2014,"-0.21~","0.04","-2.86015939909818e-06*^","-0.14*~","-0.1*~","2.79495378565969e-06~","-0.000125415245553059*^~","-2.09144565211668e-06*~","-0.13*^~"
"3","scenario B",2015,"-0.2~","0.02","-2.66117721348385e-06*^","-0.13*~","-0.09*~","2.36894752204563e-06~","-0.000118385444798629*^~","-1.92807954114117e-06*","-0.12*^~"
"4","scenario B",2016,"0.00457123400475641~","0.05~","-1.12276824703988e-06*^~","-0.06*^~","-0.03*~","-3.31150178956722e-07~","-0.0000440154359546925*","-9.48149412397354e-07*~","-0.06*^~"
"5","scenario B",2017,"-0.00332271595763167","0.04","-1.63425175006211e-06*^~","-0.09*^~","-0.04*~","-1.41881752807065e-07","-0.0000653576394309592*","-1.331878438285e-06*~","-0.08*^~"
