"","case","projection_year","amo","pdsi","bassB","menhadenC","menhadenE","menhadenCPUE","bassCPUE","herringCPUE","menhadenV"
"1","scenario B",2013,"-0.01","0.00478309559583122","-7.28455385958853e-09","0.0000368009249421106","-0.000995804778471945","9.47252927793032e-08","-7.14270788665999e-07","-9.91566781556182e-09","0.0000323076648009654"
"2","scenario B",2014,"-0.04","0.05","-4.14308483638538e-08","-0.00159988079659093","-0.00442684457765998","3.18236450441753e-07","-3.54414202200384e-06","-4.60775195117686e-08","-0.0017460257496008"
"3","scenario B",2015,"0.02~","0.07~","-8.01077103243993e-07*","-0.04*~","-0.02~","-3.43047265476725e-07~","-0.0000308421017111534*~","-6.78001088185901e-07*~","-0.04*~"
"4","scenario B",2016,"-0.05~","0.08~","-9.94416773379067e-07*","-0.06*","-0.03","2.52387342271466e-07~","-0.0000417776079450227*","-9.90223742200391e-07*","-0.05*"
"5","scenario B",2017,"-0.05~","0.07~","-1.33891772095682e-06*","-0.07*","-0.04*~","1.22934685599391e-06~","-0.0000601226669933872*~","-1.50174530073103e-06*~","-0.07*"
