"","case","projection_year","amo","pdsi","bassB","menhadenC","menhadenE","menhadenCPUE","bassCPUE","herringCPUE","menhadenV","meanage"
"1","PDSI+AMO1 Case",1,"0.36~lm","0.1~lm","-1.3820535816324e-06~lm","-4.29981748370843e-08~lm","-0.03~lm","4.54829924382422e-07*~lm","-0.000084661230618836~lm","-6.23995132126705e-06~lm","-2.31383160621146e-10~lm","0.01~lm"
"2","PDSI+AMO1 Case",2,"0.36~lm","0.1~lm","-1.3820535816324e-06~lm","-4.29981748370843e-08~lm","-0.03~lm","4.54829924382422e-07*~lm","-0.000084661230618836~lm","-6.23995132126705e-06~lm","-2.31383160621146e-10~lm","0.01~lm"
"3","PDSI+AMO1 Case",3,"0.36~lm","0.1~lm","-1.3820535816324e-06~lm","-4.29981748370843e-08~lm","-0.03~lm","4.54829924382422e-07*~lm","-0.000084661230618836~lm","-6.23995132126705e-06~lm","-2.31383160621146e-10~lm","0.01~lm"
"4","PDSI+AMO1 Case",4,"0.36~lm","0.1~lm","-1.3820535816324e-06~lm","-4.29981748370843e-08~lm","-0.03~lm","4.54829924382422e-07*~lm","-0.000084661230618836~lm","-6.23995132126705e-06~lm","-2.31383160621146e-10~lm","0.01~lm"
"5","PDSI+AMO1 Case",5,"0.36~lm","0.1~lm","-1.3820535816324e-06~lm","-4.29981748370843e-08~lm","-0.03~lm","4.54829924382422e-07*~lm","-0.000084661230618836~lm","-6.23995132126705e-06~lm","-2.31383160621146e-10~lm","0.01~lm"
