"","case","projection_year","amo","pdsi","bassB","menhadenC","menhadenE","menhadenCPUE","bassCPUE","herringCPUE","menhadenV","meanage"
"1","PDSI+AMO1 Case",1,"-2.17*~","-0.25","-6.96705403745111e-06*","-0.16","-0.39*~","1.05*^~","-0.000352572475109435*","-5.03974878525203e-06*","-0.17","1.36*~"
"2","PDSI+AMO1 Case",2,"-2.17*~","-0.25","-6.96705403745111e-06*","-0.16","-0.39*~","1.05*^~","-0.000352572475109435*","-5.03974878525203e-06*","-0.17","1.36*~"
"3","PDSI+AMO1 Case",3,"-2.17*~","-0.25","-6.96705403745111e-06*","-0.16","-0.39*~","1.05*^~","-0.000352572475109435*","-5.03974878525203e-06*","-0.17","1.36*~"
"4","PDSI+AMO1 Case",4,"-2.17*~","-0.25","-6.96705403745111e-06*","-0.16","-0.39*~","1.05*^~","-0.000352572475109435*","-5.03974878525203e-06*","-0.17","1.36*~"
"5","PDSI+AMO1 Case",5,"-2.17*~","-0.25","-6.96705403745111e-06*","-0.16","-0.39*~","1.05*^~","-0.000352572475109435*","-5.03974878525203e-06*","-0.17","1.36*~"
