"","case","projection_year","amo","pdsi","bassB","menhadenC","menhadenE","menhadenCPUE","bassCPUE","herringCPUE","menhadenV"
"1","scenario A",2013,"-0.08~","0.04","-1.24426768661864e-06*~","-0.02~","-0.03*~","8.23743934278714e-08","2.67421951927408e-06","-4.03421281682931e-07","-0.02*~"
"2","scenario A",2014,"-0.18*~","0.02","-1.23982792797561e-06*","-0.04*","-0.05*~","-4.49609086544068e-07","-0.0000286683301717054","-1.15231086425605e-06","-0.03*~"
"3","scenario A",2015,"-0.14*","-0.00132960738177045","-6.9403372483498e-07*~","-0.03*","-0.03*~","-4.34804300956705e-07","-0.000018442660193684","-1.2148628097229e-06","-0.02*~"
"4","scenario A",2016,"-0.21*~","0.06","-1.36835178552975e-06*","-0.03*","-0.05*","1.15186304669797e-07","-2.00608298536548e-06","-3.4987422502828e-07","-0.03*"
"5","scenario A",2017,"-0.21","0.1","-1.64199731946576e-06*","-0.03","-0.06*","6.8465381647788e-07","0.0000402833923486365","3.80369428874817e-07","-0.04"
