"","case","projection_year","amo","pdsi","bassB","menhadenC","menhadenE","menhadenCPUE","bassCPUE","herringCPUE","menhadenV"
"1","scenario A",2013,"-0.00449403069389914*","0.000146598154533059","-3.36338396397366e-09","-0.000909853146245846*","-0.000911662538608789*","-3.00594341258314e-08*","-7.71559223724529e-07","-6.48839824787065e-09","-0.00081271838175275*"
"2","scenario A",2014,"-0.09*~","-0.01","-2.8382486767024e-07","-0.02*~","-0.02*~","-5.45065473061421e-07*","-0.0000192266535513344","-8.74259558613799e-07","-0.02*~"
"3","scenario A",2015,"-0.09*","-0.00251154468176784","-3.0702763373864e-07","-0.02*","-0.02*","-5.19422802174597e-07*","-0.0000163021269063966","-5.21823496655422e-07","-0.02*"
"4","scenario A",2016,"-0.1*","-0.01","-2.9288297010881e-07","-0.02*","-0.03*","-5.5508413427892e-07*","-0.0000164695534623962","-6.12744838832841e-07","-0.02*"
"5","scenario A",2017,"-0.05*","-0.0012685055263029","-1.23934961988528e-07","-0.01*","-0.01*","-2.59263605537601e-07*","-6.48354680134184e-06","-2.4975710627648e-07","-0.01*"
