"","case","projection_year","amo","pdsi","bassB","menhadenC","menhadenE","menhadenCPUE","bassCPUE","herringCPUE","menhadenV"
"1","scenario B",2013,"-0.00429796673902363*","0.000161974913648156","-5.31857111956562e-09","-0.000921520383630328*","-0.000967170357200002*","-3.01077894008113e-08*","-8.31155368379196e-07","-1.0807370528367e-08","-0.00084848978385836*"
"2","scenario B",2014,"-0.08*","-0.01","-1.88267154531069e-07","-0.02*","-0.02*","-5.06518215691718e-07*","-0.0000146373180308583","-6.13563773530458e-07","-0.01*~"
"3","scenario B",2015,"-0.08*","-0.000557082838748488","-2.89623343179918e-07","-0.02*","-0.02*","-4.55240461583764e-07*","-0.000012973111972605","-4.06578778839148e-07","-0.02*"
"4","scenario B",2016,"-0.08*","-0.00208071625079265","-2.2717808399901e-07","-0.02*","-0.02*","-4.20942629787264e-07*","-0.000010944733734545","-3.84991924426017e-07","-0.02*"
"5","scenario B",2017,"-0.06*","-0.00202149716637179","-1.54430113856854e-07","-0.02*","-0.02*","-3.34500206679157e-07*","-8.42600264911558e-06","-3.26165394203204e-07","-0.01*"
