"","case","projection_year","amo","pdsi","bassB","menhadenC","menhadenE","menhadenCPUE","bassCPUE","herringCPUE","menhadenV"
"1","scenario C",2013,"-6.23","-4.06","-0.000125004519966727*^","-2.19*","-3.02*","-0.0000112117582439334","-0.00212070197640736","-0.00017052489371189","-2.14*"
"2","scenario C",2014,"-8.13","-3.62","-0.000113533880122366*^","-2.47*","-3.36*~","-0.0000173004083680146","-0.00267285552093229","-0.00022790743566081","-2.45*"
"3","scenario C",2015,"-6.84","0.9","-0.0000959254093509454*^","-1.93*","-2.58*","-0.0000132766512606723","-0.00280262137366351","-0.000109756421782843","-1.87*"
"4","scenario C",2016,"-12.02*","0.39","-0.000125135408761169*^","-2.91*","-4.09*~","3.84661717585423e-06","-0.00251592436602715","-0.000145808522286303","-2.83*"
"5","scenario C",2017,"-8.68","-2.26","-0.000116213500395404*^","-2.28*","-3.25*","4.69447220525024e-06","-0.00283603092525911","-0.000173747836887798","-2.22*"
