"","case","projection_year","amo","pdsi","bassB","menhadenC","menhadenE","menhadenCPUE","bassCPUE","herringCPUE","menhadenV","meanage"
"1","PDSI+AMO1 Case",1,"-4.04*~","-0.86","-1.51850982303557e-06","0.19","-0.63*","1.26*^~","-0.000366909334517523","-1.78057871610944e-06","0.16","10.7*^~"
"2","PDSI+AMO1 Case",2,"-4.04*~","-0.86","-1.51850982303557e-06","0.19","-0.63*","1.26*^~","-0.000366909334517523","-1.78057871610944e-06","0.16","10.7*^~"
"3","PDSI+AMO1 Case",3,"-4.04*~","-0.86","-1.51850982303557e-06","0.19","-0.63*","1.26*^~","-0.000366909334517523","-1.78057871610944e-06","0.16","10.7*^~"
"4","PDSI+AMO1 Case",4,"-4.04*~","-0.86","-1.51850982303557e-06","0.19","-0.63*","1.26*^~","-0.000366909334517523","-1.78057871610944e-06","0.16","10.7*^~"
"5","PDSI+AMO1 Case",5,"-4.04*~","-0.86","-1.51850982303557e-06","0.19","-0.63*","1.26*^~","-0.000366909334517523","-1.78057871610944e-06","0.16","10.7*^~"
