"","case","projection_year","amo","pdsi","bassB","menhadenC","menhadenE","menhadenCPUE","bassCPUE","herringCPUE","menhadenV","meanage"
"1","PDSI+AMO1 Case",1,"-4.04*~lm","-0.86lm","-1.51850982303557e-06lm","1.33055998597195e-06lm","-0.03*lm","0.000070981481488274*^~lm","-0.000366909334517523lm","-1.78057871610944e-06lm","1.84202224601749e-09lm","10.7*^~lm"
"2","PDSI+AMO1 Case",2,"-4.04*~lm","-0.86lm","-1.51850982303557e-06lm","1.33055998597195e-06lm","-0.03*lm","0.000070981481488274*^~lm","-0.000366909334517523lm","-1.78057871610944e-06lm","1.84202224601749e-09lm","10.7*^~lm"
"3","PDSI+AMO1 Case",3,"-4.04*~lm","-0.86lm","-1.51850982303557e-06lm","1.33055998597195e-06lm","-0.03*lm","0.000070981481488274*^~lm","-0.000366909334517523lm","-1.78057871610944e-06lm","1.84202224601749e-09lm","10.7*^~lm"
"4","PDSI+AMO1 Case",4,"-4.04*~lm","-0.86lm","-1.51850982303557e-06lm","1.33055998597195e-06lm","-0.03*lm","0.000070981481488274*^~lm","-0.000366909334517523lm","-1.78057871610944e-06lm","1.84202224601749e-09lm","10.7*^~lm"
"5","PDSI+AMO1 Case",5,"-4.04*~lm","-0.86lm","-1.51850982303557e-06lm","1.33055998597195e-06lm","-0.03*lm","0.000070981481488274*^~lm","-0.000366909334517523lm","-1.78057871610944e-06lm","1.84202224601749e-09lm","10.7*^~lm"
